<?xml version="1.0" encoding="utf-8"?>
<ApplicationInstallerManifest>
   <DefaultInstallationDirectory>/Applications/spirographApp/</DefaultInstallationDirectory>
   <ApplicationName>spirographApp</ApplicationName>
   <ExecutableName>application/spirographApp.exe</ExecutableName>
   <GUID>18ea0f56-6969-42fa-8f62-44096bdeb1e8</GUID>
   <ApplicationIcon>default_icon_48.png</ApplicationIcon>
   <Logo>default_logo.png</Logo>
   <Version>1.0</Version>
   <InstallationNotes>In the following directions, replace MCR_ROOT by the directory where the MATLAB Runtime is installed on the target machine.

If the environment variable DYLD_LIBRARY_PATH is undefined, set it to the concatenation of the following strings:

    MCR_ROOT/v90/runtime/maci64:
    MCR_ROOT/v90/sys/os/maci64:
    MCR_ROOT/v90/bin/maci64

If it is defined, set it to the concatenation of these strings:

    ${LD_LIBRARY_PATH}: 
    MCR_ROOT/v90/runtime/maci64:
    MCR_ROOT/v90/sys/os/maci64:
    MCR_ROOT/v90/bin/maci64</InstallationNotes>
   <Summary>Create spirograph-style drawings with math!</Summary>
   <WelcomePanelText>spirographApp 1.0
Create spirograph-style drawings with math!

Provide an arbitrary number of links by specifying their lengths, then provide angular velocities corresponding to each link. Hit animate and watch your spirograph come to life!

This is probably super buggy right now. Keep an eye on github.com/skousik for updates, or to view the source code.

Shreyas Kousik
skousik@umich.edu</WelcomePanelText>
   <MCRProducts>
      <MCRProduct>
         <ExternalProductIdentifier>35000</ExternalProductIdentifier>
      </MCRProduct>
      <MCRProduct>
         <ExternalProductIdentifier>35010</ExternalProductIdentifier>
      </MCRProduct>
   </MCRProducts>
</ApplicationInstallerManifest>